Player Name,Age,Injury Status,Sentiment Label,Market Value (M),y_test,lstm_preds,ensemble_preds,lstm_market_value,ensemble_market_value,League,Position,Sentiment Score (0–1)
aaron boupendza,28.0,Fully Fit,Positive,3.1,0.0412234042553191,0.07177503,0.047379397,0.0516478683965818,-0.1726660636517378,Saudi Pro League,Forward,0.61
aaron hickey,22.0,Fully Fit,Neutral,22.1,0.002127659574468,0.0650649,0.017830351,-0.0100507005585829,-0.4443648015585045,Premier League,Defender,0.48
aaron lennon,36.0,Fully Fit,Neutral,0.35,0.0319148936170212,0.065159075,0.052303508,-0.0091847765405157,-0.1273896529001749,Championship,Winger,0.45
aaron wan-bissaka,25.0,Fully Fit,Neutral,18.9,0.0319148936170212,0.05357971,0.030552598,-0.1156551802300896,-0.3273857812125296,Premier League,Defender,0.52
aarón herrera,26.0,Fully Fit,Neutral,2.8,0.0106382978723404,0.09901858,0.22528738,0.3021479404158237,1.46316930120703,MLS,Defender,0.44
abdelhamid sabiri,27.0,Fully Fit,Neutral,2.4,0.0425531914893616,0.065496,0.05914461,-0.0060868052128039,-0.0644868174146753,Serie A,Midfielder,0.49
abdou harroui,26.0,Fully Fit,Neutral,2.1,0.202127659574468,0.03937068,0.0435302,-0.2463049317611335,-0.208058812603921,Eredivisie,Midfielder,0.46
abdoulaye doucouré,30.0,Fully Fit,Neutral,10.2,0.0106382978723404,0.062472004,0.057978474,-0.0338919633432935,-0.0752092508708229,Premier League,Midfielder,0.5
abdoulaye seck,31.0,Fully Fit,Neutral,1.6,0.0319148936170212,0.060197435,0.03225431,-0.0548062604269238,-0.3117388123499545,Ligue 1,Defender,0.42
abdul mumin,25.0,Fully Fit,Neutral,2.3,0.0138297872340425,0.055278726,0.05670116,-0.1000330006550399,-0.0869539482025285,La Liga,Defender,0.47
abdulrahman ghareeb,26.0,Fully Fit,Positive,3.9,0.1170212765957446,0.071228415,0.07995751,0.0466218311559579,0.1268844594170621,Saudi Pro League,Winger,0.62
abdülkerim bardakci,28.0,Fully Fit,Neutral,2.8,0.0117021276595744,0.030408554,0.051166933,-0.3287102426859403,-0.1378402777033033,Super Lig,Defender,0.41
aboubakar kamara,28.0,Fully Fit,Neutral,1.9,0.026595744680851,0.055252515,0.037211966,-0.100274006595444,-0.2661539607044594,Ligue 2,Forward,0.43
achraf dari,24.0,Fully Fit,Positive,3.4,0.0106382978723404,0.073952444,0.054619886,0.0716688408401769,-0.1060909287682688,Ligue 1,Defender,0.58
adam bareiro,27.0,Fully Fit,Positive,4.7,0.0680851063829787,0.0728708,0.047837608,0.0617232977703794,-0.1684528870099268,Argentine Primera,Forward,0.6
adam buksa,27.0,Fully Fit,Positive,3.9,0.0212765957446808,0.07371775,0.054619502,0.0695108671582417,-0.1060944595866701,Eredivisie,Forward,0.59
adam gnezda cerin,24.0,Fully Fit,Positive,2.6,0.0578723404255319,0.07232033,0.09609409,0.0566618144231493,0.2752577239932374,Serie A,Midfielder,0.57
adam hlozek,21.0,Fully Fit,Positive,18.2,0.5872340425531914,0.0698657,0.049999505,0.034091885328718,-0.1485745908921968,Bundesliga,Forward,0.63
adam maher,30.0,Fully Fit,Neutral,1.2,0.0053191489361702,0.07817271,0.06372942,0.1104735097229165,-0.022330224929682,Eredivisie,Midfielder,0.47
adam masina,31.0,Fully Fit,Neutral,1.65,0.0031914893617021,0.054576475,0.04124009,-0.1064900859495623,-0.2291160066895664,Serie A,Defender,0.45
adam ounas,28.0,Fully Fit,Neutral,1.7,0.0089361702127659,0.04240041,0.12322942,-0.2184470504204544,0.5247627304724187,Qatar Stars League,Winger,0.44
adama traoré,27.0,Fully Fit,Positive,10.8,0.0053191489361702,0.07659264,0.0365685,0.0959450195373333,-0.2720705273538841,Premier League,Winger,0.61
ademola lookman,26.0,Fully Fit,Positive,25.5,0.0638297872340425,0.076144144,0.032443948,0.091821170762106,-0.3099951213604327,Serie A,Winger,0.63
adonis frías,26.0,Fully Fit,Neutral,2.4,0.0904255319148936,0.07525827,0.059849016,0.0836757014381753,-0.0580099172408439,Argentine Primera,Defender,0.5
adrien hunou,30.0,Fully Fit,Neutral,1.1,0.0319148936170212,0.072017655,0.12114797,0.0538787663512781,0.505624131614911,MLS,Forward,0.46
adrien thomasson,30.0,Fully Fit,Neutral,3.3,0.6063829787234042,0.031629372,0.04758197,-0.3174850170115187,-0.1708034374121635,Ligue 1,Midfielder,0.43
adrián embarba,31.0,Fully Fit,Neutral,0.85,0.0425531914893616,0.04176652,0.06536446,-0.2242755672859979,-0.007296294412024,La Liga,Winger,0.42
afonso sousa,24.0,Fully Fit,Neutral,2.2,0.0212765957446808,0.048412748,0.05167012,-0.1631645669700955,-0.1332135539562459,Primeira Liga,Midfielder,0.46
agustín marchesín,35.0,Fully Fit,Neutral,0.95,0.1723404255319148,0.05974068,0.07001645,-0.0590060493822967,0.0354780073963964,Primeira Liga,Goalkeeper,0.5
agustín rogel,26.0,Fully Fit,Neutral,2.8,0.1276595744680851,0.074757814,0.03965081,0.0790740887980289,-0.243729181347742,Bundesliga,Defender,0.44
agustín urzi,23.0,Fully Fit,Neutral,1.9,0.0159574468085106,0.07208313,0.07238229,0.0544807984732101,0.0572315266839344,MLS,Winger,0.47
agustín álvarez,23.0,Fully Fit,Neutral,4.1,0.0079787234042553,0.0638535,0.10287117,-0.0211893292337779,0.3375718874587243,Serie A,Forward,0.52
ahmed touba,25.0,Fully Fit,Positive,3.9,0.0744680851063829,0.06728644,0.118888125,0.0103760033766101,0.4848452193493537,Ligue 1,Defender,0.59
ahmetcan kaplan,21.0,Fully Fit,Neutral,2.1,0.0319148936170212,0.07474123,0.060511086,0.0789216015783248,-0.0519222897957503,Eredivisie,Defender,0.5
ajdin hrustic,27.0,Fully Fit,Neutral,1.8,0.0851063829787233,0.06914164,0.032115612,0.0274342697776517,-0.3130141182109353,Serie A,Midfielder,0.43
alan franco,26.0,Fully Fit,Neutral,2.6,0.1489361702127659,0.06590329,0.056137934,-0.0023418389975817,-0.0921327209235252,MLS,Defender,0.46
alan matturro,20.0,Fully Fit,Neutral,1.5,0.0691489361702127,0.06805647,0.066533975,0.0174563057034718,0.0034572084070866,Serie A,Defender,0.49
alan mozo,26.0,Fully Fit,Negative,1.8,0.0393617021276595,0.065029666,0.029413706,-0.0103746715365767,-0.3378577104589801,Liga MX,Defender,0.4
alan virginius,20.0,Fully Fit,Neutral,2.4,0.0,0.06351673,0.05432034,-0.0242858753613538,-0.1088452061870735,Ligue 1,Winger,0.51
albert grönbaek,23.0,Fully Fit,Neutral,2.1,0.0106382978723404,0.06955294,0.05022464,0.0312161072996161,-0.1465045106818699,Danish Superliga,Midfielder,0.45
alberth elis,29.0,Minor Injury,Neutral,3.8,0.6063829787234042,0.07398391,0.06265299,0.0719581656626085,-0.0322278261058749,Ligue 1,Forward,0.48
alef manga,28.0,Fully Fit,Negative,1.6,0.0319148936170212,-0.030509662,0.019317096,-0.8888434667071762,-0.4306944197773399,Brazilian Serie A,Forward,0.36
alejandro pozo,25.0,Fully Fit,Neutral,2.0,0.0319148936170212,0.069416195,0.060770057,0.0299587589603479,-0.0495410929931715,La Liga,Defender,0.47
alejandro pozuelo,33.0,Fully Fit,Neutral,1.9,0.0797872340425531,0.042388886,0.045064304,-0.2185530117518502,-0.193952972414775,MLS,Midfielder,0.42
aleksandar pesic,31.0,Fully Fit,Negative,1.7,0.0319148936170212,0.040745676,0.05681198,-0.2336620641089307,-0.0859349760795426,Super Lig,Forward,0.39
alessandro florenzi,32.0,Minor Injury,Neutral,2.1,0.0319148936170212,0.069468305,0.0755343,0.030437902051205,0.0862137530092616,Serie A,Defender,0.46
alex iwobi,27.0,Fully Fit,Positive,18.5,0.4680851063829787,0.0345499,0.0383225,-0.2906312305433745,-0.2559427787190053,Premier League,Midfielder,0.55
alex santana,28.0,Fully Fit,Neutral,2.1,0.0212765957446808,0.050514318,0.030757425,-0.1438409679401056,-0.3255024298045271,Brazilian Serie A,Midfielder,0.45
alexander bah,26.0,Fully Fit,Neutral,6.2,0.0212765957446808,0.058229864,0.046511684,-0.0728977601471501,-0.1806445454939365,Primeira Liga,Defender,0.48
alexander isak,25.0,Fully Fit,Positive,70.5,0.026595744680851,0.06226799,0.09035621,-0.035767839346712,0.2224988378261349,Premier League,Forward,0.67
alexander jeremejeff,30.0,Fully Fit,Neutral,0.85,0.0106382978723404,0.07391548,0.045814488,0.0713289627896982,-0.1870551508743486,Allsvenskan,Forward,0.42
alexandre lacazette,34.0,Fully Fit,Positive,6.8,0.0398936170212766,0.07393581,0.060123943,0.0715158938784936,-0.0554820075778214,Ligue 1,Forward,0.55
alexandro bernabéi,23.0,Fully Fit,Neutral,1.8,0.0319148936170212,0.07381882,0.057913747,0.0704401895952583,-0.0758044052527441,Scottish Premiership,Defender,0.46
alexi pitu,21.0,Fully Fit,Negative,1.6,0.0425531914893616,0.046801336,0.033545565,-0.1779812418180015,-0.2998659297595723,Ligue 1,Winger,0.4
alexis beka beka,22.0,Fully Fit,Neutral,2.1,0.0425531914893616,0.053154614,0.03453491,-0.1195638697589906,-0.2907690611887775,Ligue 1,Midfielder,0.43
alexis duarte,24.0,Fully Fit,Neutral,2.0,0.0053191489361702,0.05305542,0.02996465,-0.1204759426769428,-0.332791868757786,La Liga,Defender,0.41
alexis tibidi,21.0,Fully Fit,Neutral,2.9,0.026595744680851,0.07134113,0.058537,0.0476582274999604,-0.0700736938958832,Bundesliga,Forward,0.52
alistair johnston,25.0,Fully Fit,Neutral,3.1,0.0106382978723404,0.07495099,0.04002782,0.0808503111300078,-0.2402626348752018,MLS,Defender,0.5
allahyar sayyadmanesh,23.0,Fully Fit,Neutral,2.6,0.076595744680851,0.07380334,0.057701826,0.0702978534784579,-0.0777529848527739,Championship,Forward,0.44
allan saint-maximin,28.0,Fully Fit,Positive,8.1,0.1202127659574468,0.07484735,0.05461567,0.0798973579552538,-0.1061296942119659,Saudi Pro League,Winger,0.62
alphonse areola,31.0,Fully Fit,Neutral,2.8,0.0319148936170212,0.06852899,0.042655837,0.0218010513049274,-0.2160984401293705,Premier League,Goalkeeper,0.49
amadou diawara,26.0,Fully Fit,Neutral,2.1,0.0,0.06389649,0.07422487,-0.0207940430799504,0.0741737542093932,Serie A,Midfielder,0.45
amadou onana,24.0,Fully Fit,Positive,42.5,0.0319148936170212,0.064746395,0.037535563,-0.0129793029411097,-0.2631785381987576,Premier League,Midfielder,0.73
amar fatah,20.0,Fully Fit,Negative,1.9,0.1861702127659574,0.06456536,0.084990695,-0.0146438907256679,0.1731637881016928,Ligue 2,Midfielder,0.39
amar rahmanovic,30.0,Fully Fit,Negative,0.95,0.0319148936170212,0.060838796,0.16085765,-0.0489090489148289,0.8707482692497293,Bosnian Premier League,Midfielder,0.36
ameen al-dakhil,21.0,Fully Fit,Neutral,2.4,0.026595744680851,0.035062212,0.025682325,-0.2859206038850894,-0.3721671601904296,Premier League,Defender,0.42
amer gojak,27.0,Fully Fit,Neutral,2.8,0.0957446808510638,0.05126838,0.053560507,-0.1369074888117625,-0.1158317487346709,Serie A,Midfielder,0.46
amin sarr,23.0,Fully Fit,Neutral,3.9,0.3297872340425531,0.054892033,0.041411795,-0.1035885807592972,-0.227537206758351,Eredivisie,Forward,0.51
amine gouiri,24.0,Fully Fit,Positive,22.5,0.0425531914893616,0.079047106,0.05261443,0.1185134406780723,-0.1245307749862331,Ligue 1,Forward,0.58
amir hadziahmetovic,27.0,Fully Fit,Negative,2.1,0.0425531914893616,0.06630388,0.017257381,0.0013415217924102,-0.4496331687964329,Super Lig,Midfielder,0.4
amir richardson,22.0,Fully Fit,Neutral,3.2,0.0287234042553191,0.062933855,0.056031603,-0.0296453174853874,-0.0931104174116069,Ligue 1,Midfielder,0.47
anass zaroury,23.0,Fully Fit,Neutral,4.1,0.0585106382978723,0.07086992,0.034477483,0.0433255271383634,-0.2912970932417165,Championship,Winger,0.5
anders dreyer,26.0,Fully Fit,Neutral,5.1,0.0319148936170212,0.07141323,0.05010766,0.0483211754341535,-0.1475801230167092,Danish Superliga,Winger,0.52
andraz sporar,30.0,Fully Fit,Neutral,2.9,0.0744680851063829,0.061121657,0.05106759,-0.0463081873945264,-0.1387537206523539,Serie A,Forward,0.44
andreas hanche-olsen,26.0,Fully Fit,Neutral,3.1,0.0053191489361702,0.069367856,0.057123013,0.0295142896095718,-0.0830750775384067,Bundesliga,Defender,0.43
andreas maxsö,29.0,Fully Fit,Neutral,2.8,0.1808510638297872,0.07417936,0.08364662,0.0737552970598075,0.1608052340843469,Danish Superliga,Defender,0.5
andreas pereira,29.0,Fully Fit,Positive,18.5,0.0936170212765957,0.07645296,0.101141416,0.0946606843438784,0.321667076904462,Premier League,Midfielder,0.56
andreas schjelderup,20.0,Fully Fit,Neutral,4.1,0.0425531914893616,0.070787795,0.05076713,0.0425704009373146,-0.1415164021545407,Primeira Liga,Winger,0.48
andreaw gravillon,26.0,Fully Fit,Neutral,2.1,0.0159574468085106,0.06295979,0.060798198,-0.0294068493207091,-0.0492823410123653,Ligue 1,Defender,0.44
andrej kramarić,32.0,Fully Fit,Neutral,6.9,0.0319148936170212,0.067110986,0.045428466,0.0087627319917845,-0.1906045612412432,Bundesliga,Forward,0.53
andrey santos,20.0,Fully Fit,Neutral,15.5,0.0202127659574468,0.02427966,0.038931597,-0.3850644398591538,-0.2503422295113321,Premier League,Midfielder,0.5
andros townsend,32.0,Fully Fit,Neutral,1.1,0.0159574468085106,0.05339218,0.05834766,-0.1173794884977628,-0.0718146448232081,Premier League,Winger,0.41
andrás németh,21.0,Fully Fit,Neutral,2.9,0.0319148936170212,0.055112906,0.10681884,-0.1015576889552882,0.3738700798495177,Bundesliga,Forward,0.47
andré almeida,24.0,Fully Fit,Neutral,3.2,0.0319148936170212,0.06398192,0.08789995,-0.020008527934068,0.1999139211431775,Primeira Liga,Midfielder,0.49
andré franco,26.0,Fully Fit,Neutral,2.8,0.0474468085106383,0.05259752,0.058076195,-0.1246862597236423,-0.0743107219515818,Primeira Liga,Midfielder,0.46
andré gomes,32.0,Fully Fit,Neutral,2.1,0.0053191489361702,0.060459197,0.049709626,-0.0523994008270588,-0.1512399817967179,Premier League,Midfielder,0.45
andrés andrade,25.0,Fully Fit,Neutral,2.4,0.0106382978723404,0.056848817,0.034233678,-0.0855962657736913,-0.2935388411071252,Bundesliga,Defender,0.42
andrés perea,23.0,Fully Fit,Neutral,2.6,0.0,0.0730049,0.054392427,0.0629563257589411,-0.108182377785795,MLS,Midfielder,0.42
andy carroll,34.0,Minor Injury,Negative,0.95,0.0170212765957446,0.076344654,0.022705838,0.0936648280476131,-0.3995354806869999,Championship,Forward,0.38
anel ahmedhodzic,25.0,Fully Fit,Neutral,12.5,0.0319148936170212,0.07622718,0.06802395,0.0925846734620182,0.017157289520116,Premier League,Defender,0.52
angelo fulgini,27.0,Fully Fit,Neutral,3.1,0.0117021276595744,0.07055326,0.05386371,0.0404138892348738,-0.113043845787498,Ligue 1,Midfielder,0.45
anouar ait el hadj,22.0,Fully Fit,Positive,4.5,0.1276595744680851,0.07092053,0.087618776,0.0437908779698406,0.1973285713172575,Belgian Pro League,Midfielder,0.56
ante rebić,30.0,Fully Fit,Neutral,5.1,0.0319148936170212,0.07109459,0.08628568,0.0453913317482825,0.1850709674437329,Serie A,Forward,0.5
anthony gordon,24.0,Fully Fit,Positive,38.0,0.0788297872340425,0.04959435,0.10092553,-0.1522999261249016,0.3196820397654714,Premier League,Winger,0.63
anthony kalik,26.0,Fully Fit,Neutral,1.2,0.0319148936170212,0.050475087,0.04265683,-0.1442016906919272,-0.216089309653661,Croatian League,Midfielder,0.41
anthony martial,29.0,Fully Fit,Positive,6.8,0.0319148936170212,0.06335218,0.084592886,-0.0257988862153272,0.169505998160591,Premier League,Forward,0.58
anthony modeste,37.0,Fully Fit,Negative,0.22,0.0425531914893616,0.0692547,0.042947616,0.0284738383413116,-0.2134155790296348,Egyptian Premier League,Forward,0.39
antoine semenyo,25.0,Fully Fit,Positive,40.0,0.0744680851063829,0.061709896,0.0276566,-0.0408994241509504,-0.3540140182656148,Premier League,Forward,0.6
anton zinkovskiy,29.0,Fully Fit,Neutral,2.5,0.0212765957446808,0.05838295,0.041268323,-0.0714901589341974,-0.2288564087835182,Russian Premier League,Winger,0.44
antonin barak,29.0,Fully Fit,Neutral,4.2,0.0170212765957446,0.06932011,0.05688853,0.0290752727986704,-0.0852311111091891,Serie A,Midfielder,0.46
antonio colak,31.0,Fully Fit,Neutral,2.1,0.0063829787234042,0.069800556,0.041912965,0.0334928966986892,-0.2229290290027397,Scottish Premiership,Forward,0.43
anwar el ghazi,28.0,Fully Fit,Neutral,3.9,0.2234042553191489,0.0746839,0.05950311,0.0783944614248256,-0.0611904674228828,Eredivisie,Winger,0.48
arijan ademi,32.0,Fully Fit,Neutral,1.8,0.0319148936170212,0.07800463,0.06463433,0.1089280410852024,-0.0140097226393808,Croatian League,Midfielder,0.45
arijanet muric,25.0,Fully Fit,Negative,2.5,0.0319148936170212,0.057891026,0.01981884,-0.0760133212029911,-0.4260809641838058,Championship,Goalkeeper,0.4
arkadiusz milik,31.0,Fully Fit,Neutral,3.9,0.001063829787234,0.05968481,0.04478931,-0.0595197650699994,-0.1964814981320497,Serie A,Forward,0.44
arkadiusz reca,28.0,Fully Fit,Neutral,2.9,0.1170212765957446,0.07185095,0.08662012,0.0523459406179956,0.188146089595072,Serie A,Defender,0.47
armand laurienté,26.0,Fully Fit,Neutral,4.1,0.0106382978723404,0.07411368,0.04875911,0.0731513799957603,-0.159979823941205,Ligue 1,Winger,0.5
armel bella-kotchap,22.0,Fully Fit,Neutral,8.2,0.0341489361702127,0.07089177,0.069628894,0.0435264343833304,0.031914492145576,Bundesliga,Defender,0.53
arnaud kalimuendo,22.0,Fully Fit,Neutral,18.5,0.3218085106382978,0.06741166,0.061410308,0.0115273811896428,-0.0436540877530177,Ligue 1,Forward,0.49
arne maier,24.0,Fully Fit,Neutral,4.8,0.0063829787234042,0.081902236,0.05636674,0.1447659030269328,-0.0900288864570759,Bundesliga,Midfielder,0.46
arthur chaves,23.0,Fully Fit,Neutral,2.1,0.0585106382978723,0.070269,0.05559183,0.0378001641339897,-0.0971540596011203,Brazilian Serie A,Defender,0.45
arthur theate,24.0,Fully Fit,Neutral,14.5,0.0638297872340425,0.064581096,0.03262894,-0.0144992007299333,-0.3082941495956303,Ligue 1,Defender,0.48
ashley barnes,34.0,Fully Fit,Negative,0.85,0.0159574468085106,0.039923124,0.0074794944,-0.2412252978005594,-0.5395392675793002,Championship,Forward,0.39
ashley westwood,33.0,Fully Fit,Neutral,1.1,0.0585106382978723,0.03057381,0.042394705,-0.3271907402752188,-0.2184995069802959,Championship,Midfielder,0.41
ashley young,38.0,Fully Fit,Neutral,1.2,0.0319148936170212,0.022524592,0.05215475,-0.4012020085827111,-0.1287574588473968,Premier League,Defender,0.42
aurélien tchouaméni,24.0,Fully Fit,Positive,70.0,0.3191489361702127,0.0917753,0.06525351,0.2355471427350687,-0.0083164618641561,La Liga,Midfielder,0.65
benoît badiashile,23.0,Fully Fit,Neutral,32.0,0.0106382978723404,0.06943211,0.064203106,0.0301050948323685,-0.0179747581452685,Premier League,Defender,0.5
benson manuel hedilazio,27.0,Fully Fit,Neutral,14.5,0.0319148936170212,0.06608516,0.041029587,-0.0006695735219685,-0.2310515480070623,Premier League,Winger,0.47
berat özdemir,26.0,Fully Fit,Neutral,2.8,0.0212765957446808,0.05822901,0.050414525,-0.0729056125401571,-0.1447585485669702,Super Lig,Midfielder,0.45
bernd leno,33.0,Fully Fit,Neutral,8.2,0.202127659574468,0.052035764,0.048631866,-0.1298515160304468,-0.161149812109561,Premier League,Goalkeeper,0.49
bertrand traoré,29.0,Fully Fit,Neutral,3.9,0.0319148936170212,0.077597626,0.08811633,0.1051857045941019,0.2019035005329238,Premier League,Winger,0.52
bill tuiloma,29.0,Fully Fit,Neutral,1.2,0.0075531914893616,0.06461076,0.08224483,-0.0142264450084367,0.147915999900261,MLS,Defender,0.48
billy gilmour,23.0,Fully Fit,Positive,12.5,0.0292553191489361,0.07530567,0.049476117,0.0841115368345797,-0.1533870595937429,Premier League,Midfielder,0.53
bjorn meijer,21.0,Fully Fit,Neutral,6.8,0.0319148936170212,0.07377512,0.050526217,0.0700383751053244,-0.1437315585438648,Eredivisie,Defender,0.5
björn engels,30.0,Fully Fit,Neutral,1.5,0.0319148936170212,0.088240296,0.02823324,0.2030433480171149,-0.3487119059664036,Pro League,Defender,0.42
borja mayoral,28.0,Fully Fit,Neutral,10.2,0.0106382978723404,0.13093325,0.05494726,0.5955982115247778,-0.1030807773534486,La Liga,Forward,0.51
bosko sutalo,24.0,Fully Fit,Neutral,4.1,0.0691489361702127,0.08969901,0.071888626,0.2164559892498278,0.05269236539426,Serie A,Defender,0.47
boubacar kamara,25.0,Fully Fit,Neutral,28.0,0.0106382978723404,0.048269577,0.05312042,-0.1644810013485471,-0.1198782781038145,Premier League,Midfielder,0.52
braian romero,33.0,Fully Fit,Neutral,1.1,0.0159574468085106,0.07247776,0.057068758,0.0581093580192661,-0.0835739435601772,Argentine Primera,Forward,0.41
brais méndez,28.0,Fully Fit,Positive,25.5,0.1702127659574468,0.07088177,0.09026683,0.0434344859874644,0.2216770030638854,La Liga,Midfielder,0.55
brandon soppy,22.0,Fully Fit,Neutral,5.1,0.1489361702127659,0.07707119,0.055277504,0.1003452100214958,-0.1000442367490148,Serie A,Defender,0.48
brandon williams,24.0,Fully Fit,Neutral,3.8,0.0319148936170212,0.07341259,0.054727774,0.066704969909998,-0.1050989159149508,Premier League,Defender,0.46
breel embolo,27.0,Fully Fit,Neutral,12.0,0.0319148936170212,0.057458863,0.033874772,-0.0799869906632505,-0.2968389242037898,Ligue 1,Forward,0.5
brenden aaronson,24.0,Fully Fit,Positive,17.5,0.0106382978723404,0.07363459,0.100525565,0.0687462242982209,0.316004425750221,Championship,Midfielder,0.56
brian brobbey,23.0,Fully Fit,Neutral,21.0,0.0319148936170212,0.06911485,0.041403815,0.027187940025127,-0.227610581578252,Premier League,Forward,0.52
brian ocampo,26.0,Fully Fit,Neutral,1.1,0.0281914893617021,0.08097202,0.13718686,0.1362127161260535,0.6530991523118723,La Liga 2,Winger,0.44
brian rodríguez,25.0,Fully Fit,Neutral,6.0,0.0404255319148936,0.06579876,0.032035932,-0.003302975579568,-0.3137467630291948,Liga MX,Winger,0.48
brice samba,31.0,Fully Fit,Neutral,15.0,0.0746808510638297,0.054270264,0.03695152,-0.1093056469742116,-0.2685487198954284,Ligue 1,Goalkeeper,0.5
bruno fernandes,30.0,Fully Fit,Positive,75.0,0.0329787234042553,0.07330032,0.09784152,0.0656726652696115,0.2913250625320323,Premier League,Midfielder,0.65
bruno gomes,27.0,Fully Fit,Neutral,2.1,0.0159574468085106,0.06751476,0.043022867,0.0124753691510202,-0.2127236581559044,Brazilian Serie A,Midfielder,0.45
bruno guimarães,27.0,Fully Fit,Positive,65.0,0.0106382978723404,0.069437414,0.06820051,0.0301538642615358,0.0187807303975244,Premier League,Midfielder,0.6
bruno tabata,26.0,Fully Fit,Neutral,3.8,0.1382978723404255,0.07358192,0.042179078,0.0682619320971952,-0.2204821626558335,Brazilian Serie A,Midfielder,0.46
bryan gil,24.0,Fully Fit,Neutral,18.5,0.0319148936170212,0.07566008,0.10268231,0.087370279932463,0.3358353500544009,Premier League,Winger,0.52
bryan linssen,33.0,Fully Fit,Neutral,1.2,0.0425531914893616,0.031875618,0.023501204,-0.3152208245426793,-0.3922222179043723,Eredivisie,Forward,0.41
bryan mbeumo,26.0,Fully Fit,Neutral,28.0,0.0478723404255319,0.046799906,0.04534966,-0.1779943904386103,-0.191329169769704,Premier League,Forward,0.5
bukayo saka,24.0,Fully Fit,Positive,120.0,0.0319148936170212,0.058208533,0.0368824,-0.0730938952703716,-0.2691842672076535,Premier League,Winger,0.66
byron castillo,29.0,Fully Fit,Neutral,2.9,0.0319148936170212,0.03602708,0.036452,-0.2770487974028555,-0.2731417261657218,Liga MX,Defender,0.44
callum wilson,33.0,Fully Fit,Neutral,6.8,0.0319148936170212,0.053208362,0.04418214,-0.1190696655208906,-0.2020643288838395,Premier League,Forward,0.48
calum chambers,30.0,Fully Fit,Neutral,3.1,0.0085106382978723,0.061749756,0.047732167,-0.0405329178450289,-0.1694224000907764,Premier League,Defender,0.45
calvin bassey,25.0,Fully Fit,Neutral,22.5,0.0212765957446808,0.060986675,0.08701096,-0.0475493252316036,0.1917398006990948,Premier League,Defender,0.48
calvin ramsay,22.0,Fully Fit,Neutral,4.1,0.0106382978723404,0.07306204,0.1540415,0.0634817188929188,0.8080748634015944,Scottish Premiership,Defender,0.5
cameron carter-vickers,26.0,Fully Fit,Neutral,5.1,0.0037234042553191,0.07526081,0.04656961,0.0836990563307252,-0.1801119252160437,Scottish Premiership,Defender,0.47
carlos alcaraz,22.0,Fully Fit,Positive,18.5,0.0212765957446808,0.07637334,0.05393298,0.0939285912159941,-0.112406919249335,Premier League,Midfielder,0.53
carlos andrés gómez,21.0,Fully Fit,Neutral,3.1,0.0159574468085106,0.07662989,0.041596558,0.0962875273119338,-0.2258383406118139,MLS,Winger,0.46
carlos gonzález,30.0,Fully Fit,Neutral,2.8,0.0372340425531914,0.075754255,0.033858057,0.0882362039505301,-0.2969926159474796,Liga MX,Forward,0.45
carlos gruezo,28.0,Fully Fit,Neutral,2.6,0.0212765957446808,0.074006304,0.048102785,0.0721640749003106,-0.1660146270328736,MLS,Midfielder,0.45
carlos rotondi,27.0,Fully Fit,Neutral,2.1,0.8446808510638297,0.0735365,0.060162064,0.0678443024831724,-0.055131491097941,Argentine Primera,Winger,0.48
carlos salcedo,31.0,Fully Fit,Neutral,2.9,0.0106382978723404,0.08009719,0.07236608,0.128168794610517,0.0570824783342357,Liga MX,Defender,0.45
carlos soler,27.0,Fully Fit,Neutral,22.5,0.0372340425531914,0.06520553,0.055872254,-0.0087576302675207,-0.0945756059048903,Ligue 1,Midfielder,0.52
carlos vinícius,28.0,Fully Fit,Neutral,5.1,0.0425531914893616,0.054989956,0.046052266,-0.1026881944824595,-0.1848688203071284,Premier League,Forward,0.44
carlton morris,29.0,Fully Fit,Neutral,3.8,0.0601063829787234,0.0735152,0.053105164,0.067648452399978,-0.1200185545765475,Championship,Forward,0.48
carney chukwuemeka,21.0,Fully Fit,Neutral,6.2,0.0127659574468085,0.07109259,0.03564005,0.0453729420691093,-0.2806074761680535,Premier League,Midfielder,0.46
casper nielsen,30.0,Fully Fit,Neutral,3.8,0.0319148936170212,0.070966825,0.08819107,0.0442165530685018,0.2025907228436254,Pro League,Midfielder,0.48
casper tengstedt,24.0,Fully Fit,Neutral,2.9,0.0319148936170212,0.08045906,0.07902514,0.1314961312117163,0.1183114668317132,Danish Superliga,Forward,0.5
cedric itten,26.0,Fully Fit,Neutral,1.8,0.0957446808510638,0.056823954,0.04244783,-0.0858248770703327,-0.2180110311272583,Swiss Super League,Forward,0.46
cengiz ünder,28.0,Fully Fit,Neutral,15.5,0.0478723404255319,0.06900366,0.06690633,0.026165565811494,0.0068809529013514,Super Lig,Winger,0.52
cenk tosun,32.0,Fully Fit,Neutral,2.9,0.0170212765957446,0.06948802,0.067812376,0.0306191783136547,0.0152119005294228,Super Lig,Forward,0.44
cesare casadei,22.0,Fully Fit,Neutral,6.8,0.0106382978723404,0.06664947,0.034357384,0.0045191664051399,-0.2924013842812265,Premier League,Midfielder,0.48
charles de ketelaere,24.0,Fully Fit,Positive,22.5,0.1702127659574468,0.07228832,0.08973878,0.0563674876079825,0.2168216680201866,Serie A,Midfielder,0.53
charles pickel,26.0,Fully Fit,Neutral,4.1,0.1170212765957446,0.07686312,0.07619978,0.098432039748714,0.0923327348573455,Serie A,Midfielder,0.5
charlie taylor,30.0,Fully Fit,Neutral,2.1,0.0085106382978723,0.071979806,0.05866377,0.0535307508677652,-0.0689080640814912,Premier League,Defender,0.45
cheick doucouré,24.0,Fully Fit,Neutral,25.5,0.0,0.06400517,0.07591663,-0.0197947479136798,0.0897292160284026,Premier League,Midfielder,0.5
chris richards,24.0,Fully Fit,Neutral,12.5,0.0851063829787233,0.068221,0.076786675,0.0189691326606536,0.0977291402365172,Premier League,Defender,0.49
chris wood,33.0,Fully Fit,Neutral,2.9,0.0319148936170212,0.07577577,0.04730382,0.0884340309242356,-0.1733609820431734,Premier League,Forward,0.44
christian benteke,33.0,Fully Fit,Neutral,1.8,0.0319148936170212,0.071862586,0.22425859,0.0524529317714253,1.4537097421887422,MLS,Forward,0.46
christian eriksen,33.0,Fully Fit,Neutral,8.2,0.0585106382978723,0.04288963,0.041831493,-0.2139487509979029,-0.2236781509735384,Premier League,Midfielder,0.5
christian norgaard,30.0,Fully Fit,Neutral,12.0,0.0319148936170212,0.05756175,0.047947433,-0.079040961202705,-0.1674430637523296,Premier League,Midfielder,0.48
christiano ronaldo,40.0,Fully Fit,Positive,15.5,0.0180851063829787,0.059175238,0.09008942,-0.0642051978678173,0.2200457465728285,Saudi Pro League,Forward,0.65
christopher jullien,31.0,Fully Fit,Neutral,2.1,0.0319148936170212,0.06780334,0.032682564,0.0151288159589184,-0.307801085517639,Ligue 1,Defender,0.45
christopher martins pereira,27.0,Fully Fit,Neutral,2.8,0.1117021276595744,0.059866045,0.049478818,-0.0578533383175238,-0.1533622243320195,Bundesliga,Midfielder,0.46
christopher wooh,22.0,Fully Fit,Neutral,3.2,0.0531914893617021,0.06296522,0.055533897,-0.0293569213417539,-0.0976867442428902,Ligue 1,Defender,0.48
christos zafeiris,21.0,Fully Fit,Neutral,2.9,0.3,0.059267085,0.19598109,-0.0633606794363077,1.1937026657789451,Eredivisie,Midfielder,0.52
ciaran clark,34.0,Fully Fit,Neutral,0.85,0.0106382978723404,0.07435466,0.043082613,0.0753671524393368,-0.212174303269964,Championship,Defender,0.41
cody gakpo,26.0,Fully Fit,Positive,45.0,0.0106382978723404,0.06880264,0.056138612,0.0243172191577977,-0.0921264868222855,Premier League,Forward,0.6
connor roberts,28.0,Fully Fit,Neutral,3.1,0.0,0.065125115,0.06841853,-0.0094970332928763,0.0207853893241927,Championship,Defender,0.47
craig dawson,33.0,Fully Fit,Neutral,2.8,0.0638297872340425,0.07596392,0.054992273,0.0901640399924525,-0.1026668900391374,Premier League,Defender,0.45
cristian arango,28.0,Fully Fit,Neutral,6.8,0.0159574468085106,0.075553,0.08933929,0.0863856965095309,0.2131484215537398,Liga MX,Forward,0.52
cristian dájome,31.0,Fully Fit,Neutral,1.8,0.0,0.07342528,0.059091493,0.0668216524243517,-0.0649752197089962,MLS,Winger,0.45
cristian romero,26.0,Fully Fit,Neutral,50.0,0.0,0.071337074,0.06332667,0.0476209332305972,-0.026033446573181,Premier League,Defender,0.52
cucho hernández,25.0,Fully Fit,Neutral,6.2,0.0319148936170212,0.07617459,0.07391504,0.0921011168481593,0.0713249170602801,MLS,Forward,0.5
cyriel dessers,29.0,Fully Fit,Neutral,3.8,0.1329787234042553,0.07332299,0.09235981,0.0658811122830395,0.2409216184218264,Serie A,Forward,0.48
cédric hountondji,30.0,Fully Fit,Neutral,2.6,0.2170212765957446,0.07075259,0.13489966,0.0422466966096688,0.632068715209424,Ligue 1,Defender,0.45
cédric soares,33.0,Fully Fit,Neutral,2.1,0.0319148936170212,0.054386377,0.07428467,-0.108238006,0.0747236056166713,Premier League,Defender,0.45
aaronboupendza,,, Despair ,3.1,0.041223404,0.07177503,0.047379397,0.051647868,-0.172666064,,,
aaronlennon,36.0,Fully Fit,,18.9,0.031914894,0.05357971,0.030552598,-0.11565518,-0.327385781,,,
aarónherrera,,,,1.6,0.031914894,0.060197435,0.03225431,-0.05480626,-0.311738812,,,
abdelhamidsabiri,,, Obstacle ,2.3,0.013829787,0.055278726,0.05670116,-0.100033001,-0.086953948,,,
abdouharroui,,, Excitement ,3.9,0.117021277,0.071228415,0.07995751,0.046621831,0.126884459,,,
abdoulayeseck,,, Neutral ,4.7,0.068085106,0.0728708,0.047837608,0.061723298,-0.168452887,,,
abdulmumin,,, Excitement ,3.9,0.021276596,0.07371775,0.054619502,0.069510867,-0.10609446,,,
abdulrahmanghareeb,,, Immersion ,2.6,0.05787234,0.07232033,0.09609409,0.056661814,0.275257724,,,
abdülkerimbardakci,,, Betrayal ,18.2,0.587234043,0.0698657,0.049999505,0.034091885,-0.148574591,,,
abner,,, Playful ,1.2,0.005319149,0.07817271,0.06372942,0.11047351,-0.022330225,,,
aboubakarkamara,,, Exhaustion ,1.65,0.003191489,0.054576475,0.04124009,-0.106490086,-0.229116007,,,
achrafdari,,, Excitement ,1.7,0.00893617,0.04240041,0.12322942,-0.21844705,0.52476273,,,
adambareiro,,,,10.8,0.005319149,0.07659264,0.0365685,0.09594502,-0.272070527,,,
adambuksa,,, Curiosity ,2.9,0.011914894,0.076482944,0.08539041,0.094936382,0.176839103,,,
adamgnezdacerin,,, Gratitude ,25.5,0.063829787,0.076144144,0.032443948,0.091821171,-0.309995121,,,
adamhlozek,,, Kind         ,2.4,0.090425532,0.07525827,0.059849016,0.083675701,-0.058009917,,,
adammaher,,,,1.1,0.031914894,0.072017655,0.12114797,0.053878766,0.505624132,,,
adammasina,,, LostLove ,3.3,0.606382979,0.031629372,0.04758197,-0.317485017,-0.170803437,,,
adamounas,,, Nostalgia      ,0.85,0.042553191,0.04176652,0.06536446,-0.224275567,-0.007296294,,,
adamatraoré,,,,2.2,0.021276596,0.048412748,0.05167012,-0.163164567,-0.133213554,,,
ademir,,, Wonder ,0.95,0.172340426,0.05974068,0.07001645,-0.059006049,0.035478007,,,
ademolalookman,,, Confusion       ,2.8,0.127659574,0.074757814,0.03965081,0.079074089,-0.243729181,,,
adonisfrías,,, Captivation ,1.9,0.015957447,0.07208313,0.07238229,0.054480798,0.057231527,,,
adrienhunou,,,,4.1,0.007978723,0.0638535,0.10287117,-0.021189329,0.337571887,,,
adrienthomasson,,, Grief ,3.9,0.074468085,0.06728644,0.118888125,0.010376003,0.484845219,,,
adriánembarba,,, Harmony ,2.1,0.031914894,0.07474123,0.060511086,0.078921602,-0.05192229,,,
afonsosousa,,, Joy ,1.8,0.085106383,0.06914164,0.032115612,0.02743427,-0.313014118,,,
agustínmarchesín,,, Adventure ,2.6,0.14893617,0.06590329,0.056137934,-0.002341839,-0.092132721,,,
agustínrogel,,, Nostalgia ,1.5,0.069148936,0.06805647,0.066533975,0.017456306,0.003457208,,,
agustínurzi,,, Captivation ,1.8,0.039361702,0.065029666,0.029413706,-0.010374672,-0.33785771,,,
agustínálvarez,,, Helplessness ,2.4,0.0,0.06351673,0.05432034,-0.024285875,-0.108845206,,,
ahmedtouba,,, Sad ,2.1,0.010638298,0.06955294,0.05022464,0.031216107,-0.146504511,,,
ahmetcankaplan,,, Numbness ,3.8,0.606382979,0.07398391,0.06265299,0.071958166,-0.032227826,,,
ajdinhrustic,,, Excitement ,1.6,0.031914894,-0.030509662,0.019317096,-0.888843467,-0.43069442,,,
alanfranco,,, Hate ,2.0,0.031914894,0.069416195,0.060770057,0.029958759,-0.049541093,,,
alanmatturro,,, Excitement ,1.9,0.079787234,0.042388886,0.045064304,-0.218553012,-0.193952972,,,
alanmozo,,, Challenge ,1.7,0.031914894,0.040745676,0.05681198,-0.233662064,-0.085934976,,,
alanvirginius,,, Engagement ,2.1,0.031914894,0.069468305,0.0755343,0.030437902,0.086213753,,,
albertgrönbaek,,, Joy ,18.5,0.468085106,0.0345499,0.0383225,-0.290631231,-0.255942779,,,
alberthelis,,, Motivation    ,2.1,0.021276596,0.050514318,0.030757425,-0.143840968,-0.32550243,,,
alefmanga,,,,6.2,0.021276596,0.058229864,0.046511684,-0.07289776,-0.180644545,,,
alejandropozo,,, Thrill ,70.5,0.026595745,0.06226799,0.09035621,-0.035767839,0.222498838,,,
alejandropozuelo,,, Bitterness ,0.85,0.010638298,0.07391548,0.045814488,0.071328963,-0.187055151,,,
aleksandarpesic,,,,6.8,0.039893617,0.07393581,0.060123943,0.071515894,-0.055482008,,,
alessandroflorenzi,,, Excitement   ,1.8,0.031914894,0.07381882,0.057913747,0.07044019,-0.075804405,,,
alexsantana,,, Excitement ,2.9,0.026595745,0.07134113,0.058537,0.047658227,-0.070073694,,,
alexanderbah,,, Hopeful ,2.8,0.021276596,0.07307397,0.058339078,0.063591413,-0.071893555,,,
alexanderjeremejeff,,,,8.1,0.120212766,0.07484735,0.05461567,0.079897358,-0.106129694,,,
alexandrobernabéi,,, Joy ,1.9,0.186170213,0.06456536,0.084990695,-0.014643891,0.173163788,,,
alexipitu,,,,0.95,0.031914894,0.060838796,0.16085765,-0.048909049,0.870748269,,,
alexisbekabeka,,, Resentment      ,2.4,0.026595745,0.035062212,0.025682325,-0.285920604,-0.37216716,,,
alexisduarte,,, Hypnotic ,2.8,0.095744681,0.05126838,0.053560507,-0.136907489,-0.115831749,,,
alexistibidi,,,,3.9,0.329787234,0.054892033,0.041411795,-0.103588581,-0.227537207,,,
alexsandro,,, Excitement ,22.5,0.042553191,0.079047106,0.05261443,0.118513441,-0.124530775,,,
alistairjohnston,,, Radiance    ,2.1,0.042553191,0.06630388,0.017257381,0.001341522,-0.449633169,,,
allahyarsayyadmanesh,,, Awe ,3.2,0.028723404,0.062933855,0.056031603,-0.029645317,-0.093110417,,,
alphonseareola,,, Grateful ,1.1,0.093617021,0.07645296,0.101141416,0.094660684,0.321667077,,,
amadoudiawara,,, Melodic       ,2.9,0.042553191,0.070787795,0.05076713,0.042570401,-0.141516402,,,
amarfatah,,, Gratitude ,2.1,0.020212766,0.02427966,0.038931597,-0.38506444,-0.25034223,,,
amarrahmanovic,,, Gratitude ,2.4,0.015957447,0.05339218,0.05834766,-0.117379488,-0.071814645,,,
ameenal-dakhil,21.0,Fully Fit,,2.6,0.031914894,0.055112906,0.10681884,-0.101557689,0.37387008,,,
amergojak,,, Joy ,0.95,0.031914894,0.06398192,0.08789995,-0.020008528,0.199913921,,,
aminsarr,,, Indifference    ,12.5,0.047446809,0.05259752,0.058076195,-0.12468626,-0.074310722,,,
aminegouiri,,, Positive  ,3.1,0.005319149,0.060459197,0.049709626,-0.052399401,-0.151239982,,,
amirhadziahmetovic,,, Inspiration ,4.5,0.010638298,0.056848817,0.034233678,-0.085596266,-0.293538841,,,
amirrichardson,,, Contentment ,5.1,0.0,0.0730049,0.054392427,0.062956326,-0.108182378,,,
anasszaroury,,, Touched ,38.0,0.017021277,0.076344654,0.022705838,0.093664828,-0.399535481,,,
andersdreyer,,, Zest ,1.2,0.031914894,0.07622718,0.06802395,0.092584673,0.01715729,,,
andrazsporar,,, Serenity ,6.8,0.011702128,0.07055326,0.05386371,0.040413889,-0.113043846,,,
andreacambiaso,,, Loneliness    ,0.22,0.127659574,0.07092053,0.087618776,0.043790878,0.197328571,,,
andreacarboni,,, Sorrow ,40.0,0.031914894,0.07109459,0.08628568,0.045391332,0.185070967,,,
andreacolpani,,, Inspired ,2.5,0.078829787,0.04959435,0.10092553,-0.152299926,0.31968204,,,
andreasbruus,,,,4.2,0.031914894,0.050475087,0.04265683,-0.144201691,-0.21608931,,,
andreascornelius,,, Serenity ,2.1,0.031914894,0.06335218,0.084592886,-0.025798886,0.169505998,,,
andreashanche-olsen,,,,60.0,0.042553191,0.0692547,0.042947616,0.028473838,-0.213415579,,,
andreasmaxsö,,, Bad ,3.9,0.074468085,0.061709896,0.0276566,-0.040899424,-0.354014018,,,
andreaspereira,,, Zest ,1.8,0.021276596,0.05838295,0.041268323,-0.071490159,-0.228856409,,,
andreasschjelderup,,, Free-spirited ,2.5,0.017021277,0.06932011,0.05688853,0.029075273,-0.085231111,,,
andreawgravillon,,, Excitement    ,3.9,0.006382979,0.069800556,0.041912965,0.033492897,-0.222929029,,,
andrejkramarić,,,,2.9,0.053191489,0.074587286,0.0881607,0.077506111,0.202311476,,,
andreysantos,,, Regret         ,4.1,0.223404255,0.0746839,0.05950311,0.078394461,-0.061190467,,,
androstownsend,32.0,Fully Fit,,8.2,0.031914894,0.07800463,0.06463433,0.108928041,-0.014009723,,,
andrásnémeth,,, Happy ,18.5,0.031914894,0.057891026,0.01981884,-0.076013321,-0.426080964,,,
andréalmeida,,, Hopeful ,4.8,0.00106383,0.05968481,0.04478931,-0.059519765,-0.196481498,,,
andréfranco,,, Joy ,2.1,0.117021277,0.07185095,0.08662012,0.052345941,0.18814609,,,
andrésandrade,,, Joy ,70.0,0.063829787,0.064581096,0.03262894,-0.014499201,-0.30829415,,,
andrésperea,,,,32.0,0.382978723,0.072762474,0.05522937,0.060727258,-0.100486821,,,
anelahmedhodzic,,, DreamChaser   ,3.9,0.127659574,0.05133806,0.09520734,-0.136266792,0.2671042,,,
angelofulgini,,, Boredom         ,13.5,0.021276596,0.028281301,0.020864973,-0.348269993,-0.416461939,,,
anouaraitelhadj,,, Nature's Beauty ,2.1,0.007978723,0.06386199,0.07687447,-0.021111265,0.098536401,,,
anterebić,,,,1.2,0.207446809,0.06698684,0.04966615,0.007621229,-0.151639737,,,
anthonykalik,,, Joy ,10.2,0.031914894,0.059177622,0.13023266,-0.064183277,0.589156399,,,
anthonymodeste,,, Spark        ,50.0,0.042553191,0.07423676,0.07009329,0.074283081,0.036184539,,,
antoinesemenyo,,, Curiosity       ,17.5,0.010638298,0.06943211,0.064203106,0.030105095,-0.017974758,,,
antonzinkovskiy,,,,21.0,0.031914894,0.06608516,0.041029587,-0.000669574,-0.231051548,,,
antoninbarak,,, Jealousy    ,1.1,0.021276596,0.05822901,0.050414525,-0.072905613,-0.144758549,,,
antoniocolak,,,,6.0,0.015957447,0.06726366,0.05012493,0.010166545,-0.147421328,,,
antony,,, Positive  ,15.0,0.20212766,0.052035764,0.048631866,-0.129851516,-0.161149812,,,
anwarelghazi,28.0,Fully Fit, Hopeful ,6.5,0.031914894,0.077597626,0.08811633,0.105185705,0.201903501,,,
arijanademi,,, Vibrancy ,75.0,0.0,0.049495537,0.029268462,-0.153208496,-0.339193206,,,
arijanetmuric,,,,2.1,0.031914894,0.054717924,0.049003817,-0.105189485,-0.157729782,,,
arkadiuszmilik,,, Serenity      ,65.0,0.007553191,0.06461076,0.08224483,-0.014226445,0.147916,,,
arkadiuszreca,,,,3.8,0.029255319,0.07530567,0.049476117,0.084111537,-0.15338706,,,
armandlaurienté,,, Frustrated ,18.5,0.031914894,0.07377512,0.050526217,0.070038375,-0.143731559,,,
armelbella-kotchap,,,,1.2,0.031914894,0.088240296,0.02823324,0.203043348,-0.348711906,,,
arnaudkalimuendo,,, Surprise     ,28.0,0.010638298,0.13093325,0.05494726,0.595598212,-0.103080777,,,
arnemaier,,, Euphoria     ,120.0,0.069148936,0.08969901,0.071888626,0.216455989,0.052692365,,,
arthurchaves,,, Excitement ,2.9,0.010638298,0.048269577,0.05312042,-0.164481001,-0.119878278,,,
arthurtheate,,, Calmness     ,1.8,0.015957447,0.07247776,0.057068758,0.058109358,-0.083573944,,,
artur,,, Ambivalence     ,6.8,0.170212766,0.07088177,0.09026683,0.043434486,0.221677003,,,
ashleyyoung,38.0,Fully Fit,,2.8,0.040425532,0.06579876,0.032035932,-0.003302976,-0.313746763,,,
aurélientchouaméni,,, Neutral   ,2.6,0.074680851,0.054270264,0.03695152,-0.109305647,-0.26854872,,,
ayrtonlucas,,, Envious ,3.8,0.138297872,0.07358192,0.042179078,0.068261932,-0.220482163,,,
azzedineounahi,,, Gratitude     ,6.2,0.031914894,0.07566008,0.10268231,0.08737028,0.33583535,,,
aïssalaïdouni,,, Frustration ,18.5,0.042553191,0.031875618,0.023501204,-0.315220825,-0.392222218,,,
bafodédiakité,,,,3.8,0.04787234,0.046799906,0.04534966,-0.17799439,-0.19132917,,,
bambadieng,,, Inspired ,2.9,0.031914894,0.058208533,0.0368824,-0.073093895,-0.269184267,,,
bamidelealli,,,,2.1,0.031914894,0.03602708,0.036452,-0.277048797,-0.273141726,,,
bartlomiejdragowski,,, Awe    ,1.8,0.380319149,0.047724012,0.03747338,-0.169497384,-0.263750301,,,
bartolfranjic,,, Yearning ,15.5,0.031914894,0.053208362,0.04418214,-0.119069666,-0.202064329,,,
benmalango,,,,2.9,0.037234043,0.075754255,0.033858057,0.088236204,-0.296992616,,,
benjaminlecomte,,, Pressure ,2.9,0.063829787,0.07027763,0.05742979,0.037879516,-0.080254312,,,
benjamíngarré,,,,0.85,0.031914894,0.070966825,0.08819107,0.044216553,0.202590723,,,
benoîtbadiashile,,, Positive  ,45.0,0.031914894,0.08045906,0.07902514,0.131496131,0.118311467,,,
bensonmanuelhedilazio,,, Pride ,3.1,0.021276596,0.050973266,0.03665225,-0.139621015,-0.27130046,,,
beratözdemir,,, Success ,2.8,0.095744681,0.056823954,0.04244783,-0.085824877,-0.218011031,,,
berndleno,33.0,Fully Fit, Compassionate ,6.2,0.170212766,0.07228832,0.08973878,0.056367488,0.216821668,,,
bertrandtraoré,29.0,Fully Fit,,3.8,0.117021277,0.07686312,0.07619978,0.09843204,0.092332735,,,
beto,26.0,Fully Fit, Determination   ,2.6,0.008510638,0.071979806,0.05866377,0.053530751,-0.068908064,,,
biel,,,,2.1,0.0,0.06400517,0.07591663,-0.019794748,0.089729216,,,
billtuiloma,,, Hate ,32.0,0.085106383,0.068221,0.076786675,0.018969133,0.09772914,,,
billygilmour,,, Resentment      ,45.0,0.031914894,0.07577577,0.04730382,0.088434031,-0.173360982,,,
bjornmeijer,,, Elation       ,18.5,0.031914894,0.071862586,0.22425859,0.052452932,1.453709742,,,
björnengels,30.0,Fully Fit,,22.5,0.058510638,0.04288963,0.041831493,-0.213948751,-0.223678151,,,
borjamayoral,,, Indifference    ,48.0,0.031914894,0.05756175,0.047947433,-0.079040961,-0.167443064,,,
boskosutalo,,, Creativity ,110.0,0.018085106,0.059175238,0.09008942,-0.064205198,0.220045747,,,
braianromero,,, Envisioning History ,32.0,0.3,0.059267085,0.19598109,-0.063360679,1.193702666,,,
braisméndez,,, Empowerment   ,55.0,0.010638298,0.07435466,0.043082613,0.075367152,-0.212174303,,,
brandonsoppy,,, Serenity   ,22.5,0.010638298,0.06880264,0.056138612,0.024317219,-0.092126487,,,
brandonwilliams,24.0,Fully Fit,,70.0,0.0,0.065125115,0.06841853,-0.009497033,0.020785389,,,
breelembolo,,, Fulfillment   ,45.0,0.063829787,0.07596392,0.054992273,0.09016404,-0.10266689,,,
bremer,,, Positive  ,75.0,0.015957447,0.075553,0.08933929,0.086385697,0.213148422,,,
brendenaaronson,,, Positive  ,60.0,0.0,0.07342528,0.059091493,0.066821652,-0.06497522,,,
brianbrobbey,,, Fulfillment  ,18.5,0.0,0.071337074,0.06332667,0.047620933,-0.026033447,,,
brianocampo,,,,95.0,0.031914894,0.07617459,0.07391504,0.092101117,0.071324917,,,
brianrodríguez,,, Whimsy        ,6.8,0.132978723,0.07332299,0.09235981,0.065881112,0.240921618,,,
bricesamba,,, Darkness     ,28.0,0.217021277,0.07075259,0.13489966,0.042246697,0.632068715,,,
bruma,,, Charm ,35.0,0.031914894,0.054386377,0.07428467,-0.108238007,0.074723606,,,
dani olmo,26.0,Fully Fit,Positive,45.0,0.0426,0.0731,0.0652,0.0563,0.1881,La Liga,Midfielder,0.6
david alaba,33.0,Fully Fit,Positive,18.5,0.0319,0.0624,0.0417,0.0213,-0.2402,La Liga,Defender,0.55
david neres,28.0,Fully Fit,Neutral,22.5,0.0106,0.0582,0.0465,-0.0475,-0.1061,Primeira Liga,Winger,0.5
dayot upamecano,26.0,Fully Fit,Positive,48.0,0.0638,0.0748,0.0693,0.0798,0.2023,Bundesliga,Defender,0.58
declan rice,26.0,Fully Fit,Positive,110.0,0.3191,0.0917,0.0652,0.2355,-0.0083,Premier League,Midfielder,0.66
dejan kulusevski,25.0,Fully Fit,Positive,42.0,0.1276,0.0709,0.0876,0.0437,0.1973,Premier League,Winger,0.59
denis suárez,31.0,Fully Fit,Neutral,3.8,0.0159,0.0675,0.043,0.0124,-0.2127,La Liga,Midfielder,0.45
denzel dumfries,29.0,Fully Fit,Neutral,28.0,0.0319,0.0694,0.0682,0.0301,0.0187,Serie A,Defender,0.54
diogo dalot,26.0,Fully Fit,Neutral,32.0,0.0106,0.0666,0.0343,0.0045,-0.2924,Premier League,Defender,0.53
diogo jota,28.0,Fully Fit,Positive,55.0,0.1702,0.0723,0.0897,0.0564,0.2168,Premier League,Forward,0.61
dominic calvert-lewin,28.0,Fully Fit,Neutral,22.5,0.117,0.0768,0.0762,0.0984,0.0923,Premier League,Forward,0.5
dominik szoboszlai,24.0,Fully Fit,Positive,70.0,0.0085,0.0719,0.0586,0.0535,-0.0689,Premier League,Midfielder,0.63
douglas luiz,27.0,Fully Fit,Positive,45.0,0.0,0.064,0.0759,-0.0198,0.0897,Premier League,Midfielder,0.56
dusan vlahovic,25.0,Fully Fit,Positive,75.0,0.0851,0.0682,0.0768,0.019,0.0977,Serie A,Forward,0.62
eduardo camavinga,22.0,Fully Fit,Positive,60.0,0.0319,0.0758,0.0473,0.0884,-0.1733,La Liga,Midfielder,0.65
emerson royal,26.0,Fully Fit,Neutral,18.5,0.0319,0.0718,0.2243,0.0525,1.4537,Premier League,Defender,0.48
enzo fernández,24.0,Fully Fit,Positive,95.0,0.0585,0.0428,0.0418,-0.2139,-0.2237,Premier League,Midfielder,0.66
ezequiel barco,25.0,Fully Fit,Neutral,6.8,0.0319,0.0576,0.0479,-0.079,-0.1674,MLS,Midfielder,0.47
fabian ruiz,29.0,Fully Fit,Neutral,28.0,0.0181,0.0591,0.0901,-0.0642,0.22,Ligue 1,Midfielder,0.5
ferran torres,25.0,Fully Fit,Neutral,35.0,0.0319,0.0678,0.0327,0.0151,-0.3078,La Liga,Winger,0.54
florian wirtz,22.0,Fully Fit,Positive,85.0,0.1117,0.0599,0.0495,-0.0578,-0.1533,Bundesliga,Midfielder,0.67
franck kessié,28.0,Fully Fit,Neutral,22.5,0.0531,0.063,0.0555,-0.0294,-0.0977,Saudi Pro League,Midfielder,0.52
gabriel magalhães,27.0,Fully Fit,Positive,38.0,0.3,0.0592,0.1959,-0.0633,1.1937,Premier League,Defender,0.55
giovanni reyna,23.0,Fully Fit,Neutral,28.0,0.0106,0.0743,0.0431,0.0753,-0.2121,Bundesliga,Midfielder,0.5
gonzalo montiel,28.0,Fully Fit,Neutral,6.8,0.0106,0.0688,0.0561,0.0243,-0.0921,Serie A,Defender,0.45
granit xhaka,33.0,Fully Fit,Neutral,12.0,0.0,0.0651,0.0684,-0.0095,0.0207,Bundesliga,Midfielder,0.48
harvey barnes,27.0,Fully Fit,Neutral,28.0,0.0638,0.076,0.0893,0.0901,-0.1026,Premier League,Winger,0.53
houssem aouar,27.0,Fully Fit,Neutral,18.5,0.0159,0.0755,0.0893,0.0863,0.2131,Serie A,Midfielder,0.46
ilkay gundogan,35.0,Fully Fit,Neutral,12.0,0.0,0.0734,0.0591,0.0668,-0.065,La Liga,Midfielder,0.5
ismael bennacer,27.0,Fully Fit,Neutral,28.0,0.0,0.0713,0.0633,0.0476,-0.026,Serie A,Midfielder,0.52
jack grealish,30.0,Fully Fit,Positive,55.0,0.0319,0.0761,0.0739,0.0921,0.0713,Premier League,Winger,0.6
james maddison,28.0,Fully Fit,Positive,48.0,0.1329,0.0733,0.0923,0.0658,0.2409,Premier League,Midfielder,0.62
joão cancelo,31.0,Fully Fit,Neutral,35.0,0.217,0.0707,0.1349,0.0422,0.632,La Liga,Defender,0.54
joão félix,25.0,Fully Fit,Positive,42.0,0.0319,0.0543,0.0742,-0.1082,0.0747,La Liga,Forward,0.58
jordan henderson,35.0,Fully Fit,Neutral,4.1,0.0213,0.0509,0.0367,-0.1396,-0.2713,Eredivisie,Midfielder,0.45
karim benzema,37.0,Fully Fit,Neutral,12.0,0.0319,0.0624,0.0417,0.0213,-0.2402,Saudi Pro League,Forward,0.5
karim adeyemi,23.0,Fully Fit,Positive,38.0,0.0426,0.0731,0.0652,0.0563,0.1881,Bundesliga,Forward,0.58
karl hein,23.0,Fully Fit,Neutral,1.8,0.0106,0.0582,0.0465,-0.0475,-0.1061,Premier League,Goalkeeper,0.45
kasper schmeichel,38.0,Fully Fit,Neutral,2.1,0.0638,0.0748,0.0693,0.0798,0.2023,Pro League,Goalkeeper,0.48
kepa arrizabalaga,31.0,Fully Fit,Neutral,18.5,0.3191,0.0917,0.0652,0.2355,-0.0083,La Liga,Goalkeeper,0.49
kevin de bruyne,34.0,Fully Fit,Positive,45.0,0.1276,0.0709,0.0876,0.0437,0.1973,Premier League,Midfielder,0.65
kieran trippier,35.0,Fully Fit,Neutral,12.0,0.0159,0.0675,0.043,0.0124,-0.2127,Premier League,Defender,0.52
kingsley coman,29.0,Fully Fit,Positive,38.0,0.0106,0.0694,0.0682,0.0301,0.0187,Bundesliga,Winger,0.55
kolo muani,26.0,Fully Fit,Positive,65.0,0.0106,0.0666,0.0343,0.0045,-0.2924,Ligue 1,Forward,0.6
konrad laimer,28.0,Fully Fit,Neutral,28.0,0.1702,0.0723,0.0897,0.0564,0.2168,Bundesliga,Midfielder,0.52
kurt zouma,30.0,Fully Fit,Neutral,18.5,0.117,0.0768,0.0762,0.0984,0.0923,Premier League,Defender,0.48
kyle walker,35.0,Fully Fit,Neutral,12.0,0.0085,0.0719,0.0586,0.0535,-0.0689,Premier League,Defender,0.5
kyle larin,30.0,Fully Fit,Neutral,3.8,0.0,0.064,0.0759,-0.0198,0.0897,Ligue 1,Forward,0.45
lars stindl,37.0,Fully Fit,Neutral,1.8,0.0851,0.0682,0.0768,0.019,0.0977,Bundesliga,Midfielder,0.46
lautaro martínez,28.0,Fully Fit,Positive,85.0,0.0319,0.0758,0.0473,0.0884,-0.1733,Serie A,Forward,0.62
leandro paredes,31.0,Fully Fit,Neutral,12.0,0.0585,0.0428,0.0418,-0.2139,-0.2237,Serie A,Midfielder,0.46
leandro trossard,30.0,Fully Fit,Neutral,22.5,0.0319,0.0576,0.0479,-0.079,-0.1674,Premier League,Winger,0.52
leo jardim,29.0,Fully Fit,Neutral,2.1,0.0181,0.0591,0.0901,-0.0642,0.22,Ligue 1,Goalkeeper,0.45
leon bailey,27.0,Fully Fit,Neutral,22.5,0.0319,0.0678,0.0327,0.0151,-0.3078,Premier League,Winger,0.52
lewis hall,21.0,Fully Fit,Neutral,6.8,0.1117,0.0599,0.0495,-0.0578,-0.1533,Premier League,Defender,0.48
lindelöf,30.0,Fully Fit,Neutral,18.5,0.0531,0.063,0.0555,-0.0294,-0.0977,Premier League,Defender,0.5
lino sousa,21.0,Fully Fit,Neutral,2.9,0.3,0.0592,0.1959,-0.0633,1.1937,Premier League,Defender,0.46
linton maina,25.0,Fully Fit,Neutral,3.8,0.0106,0.0743,0.0431,0.0753,-0.2121,Bundesliga,Winger,0.48
lirim kastrati,25.0,Fully Fit,Neutral,2.1,0.0106,0.0688,0.0561,0.0243,-0.0921,Croatian League,Winger,0.45
louis patris,23.0,Fully Fit,Neutral,3.1,0.0,0.0651,0.0684,-0.0095,0.0207,Belgian Pro League,Defender,0.47
lucas digne,32.0,Fully Fit,Neutral,6.8,0.0638,0.076,0.0893,0.0901,-0.1026,Premier League,Defender,0.48
lucas paquetá,28.0,Fully Fit,Positive,45.0,0.0159,0.0755,0.0893,0.0863,0.2131,Premier League,Midfielder,0.56
luka modric,39.0,Fully Fit,Neutral,4.1,0.0,0.0734,0.0591,0.0668,-0.065,La Liga,Midfielder,0.5
luis diaz,28.0,Fully Fit,Positive,55.0,0.0,0.0713,0.0633,0.0476,-0.026,Premier League,Winger,0.61
luis sinisterra,26.0,Fully Fit,Neutral,22.5,0.0319,0.0761,0.0739,0.0921,0.0713,Premier League,Winger,0.52
luke shaw,30.0,Fully Fit,Neutral,28.0,0.1329,0.0733,0.0923,0.0658,0.2409,Premier League,Defender,0.5
manuel locatelli,27.0,Fully Fit,Neutral,28.0,0.217,0.0707,0.1349,0.0422,0.632,Serie A,Midfielder,0.5
marc cucurella,27.0,Fully Fit,Neutral,22.5,0.0319,0.0543,0.0742,-0.1082,0.0747,Premier League,Defender,0.48
marco verratti,33.0,Fully Fit,Neutral,8.2,0.0213,0.0509,0.0367,-0.1396,-0.2713,Qatar Stars League,Midfielder,0.45
marcos llorente,30.0,Fully Fit,Neutral,28.0,0.0957,0.0568,0.0424,-0.0858,-0.218,La Liga,Midfielder,0.52
marcus rashford,27.0,Fully Fit,Positive,65.0,0.0319,0.0624,0.0417,0.0213,-0.2402,Premier League,Forward,0.6
mario götze,33.0,Fully Fit,Neutral,2.1,0.0426,0.0731,0.0652,0.0563,0.1881,Bundesliga,Midfielder,0.45
tammy abraham,28.0,Fully Fit,Positive,28.0,0.0319,0.0624,0.0417,0.0213,-0.2402,Serie A,Forward,0.55
tanguy ndombele,28.0,Fully Fit,Neutral,12.0,0.0426,0.0731,0.0652,0.0563,0.1881,Super Lig,Midfielder,0.48
tariq lamptey,24.0,Fully Fit,Neutral,18.5,0.0106,0.0582,0.0465,-0.0475,-0.1061,Premier League,Defender,0.5
teji savanier,33.0,Fully Fit,Neutral,6.8,0.0638,0.0748,0.0693,0.0798,0.2023,Ligue 1,Midfielder,0.45
ter stegen,33.0,Fully Fit,Positive,35.0,0.3191,0.0917,0.0652,0.2355,-0.0083,La Liga,Goalkeeper,0.6
thiago alcântara,34.0,Fully Fit,Neutral,12.0,0.1276,0.0709,0.0876,0.0437,0.1973,Premier League,Midfielder,0.5
thiago silva,41.0,Fully Fit,Neutral,2.1,0.0159,0.0675,0.043,0.0124,-0.2127,Premier League,Defender,0.45
thibaut courtois,33.0,Fully Fit,Positive,38.0,0.0106,0.0694,0.0682,0.0301,0.0187,La Liga,Goalkeeper,0.55
thomas lemar,29.0,Fully Fit,Neutral,22.5,0.0106,0.0666,0.0343,0.0045,-0.2924,La Liga,Midfielder,0.52
thorgan hazard,32.0,Fully Fit,Neutral,6.8,0.1702,0.0723,0.0897,0.0564,0.2168,Bundesliga,Winger,0.48
timothy weah,25.0,Fully Fit,Neutral,12.0,0.117,0.0768,0.0762,0.0984,0.0923,Serie A,Winger,0.5
tino livramento,22.0,Fully Fit,Neutral,18.5,0.0085,0.0719,0.0586,0.0535,-0.0689,Premier League,Defender,0.48
toby alderweireld,36.0,Fully Fit,Neutral,2.1,0.0,0.064,0.0759,-0.0198,0.0897,Pro League,Defender,0.45
tomás esteves,23.0,Fully Fit,Neutral,3.8,0.0851,0.0682,0.0768,0.019,0.0977,Primeira Liga,Defender,0.46
toni kroos,35.0,Fully Fit,Neutral,8.2,0.0319,0.0758,0.0473,0.0884,-0.1733,La Liga,Midfielder,0.5
trent alexander-arnold,27.0,Fully Fit,Positive,65.0,0.0585,0.0428,0.0418,-0.2139,-0.2237,Premier League,Defender,0.65
trincão,25.0,Fully Fit,Neutral,22.5,0.0319,0.0576,0.0479,-0.079,-0.1674,Primeira Liga,Winger,0.52
troy parrott,23.0,Fully Fit,Neutral,2.1,0.0181,0.0591,0.0901,-0.0642,0.22,Eredivisie,Forward,0.45
tyrell malacia,26.0,Fully Fit,Neutral,22.5,0.0319,0.0678,0.0327,0.0151,-0.3078,Premier League,Defender,0.52
valentin castellanos,26.0,Fully Fit,Neutral,18.5,0.1117,0.0599,0.0495,-0.0578,-0.1533,Serie A,Forward,0.5
victor osimhen,26.0,Fully Fit,Positive,95.0,0.0531,0.063,0.0555,-0.0294,-0.0977,Serie A,Forward,0.65
vinícius jr.,25.0,Fully Fit,Positive,120.0,0.3,0.0592,0.1959,-0.0633,1.1937,La Liga,Winger,0.67
vitor roque,20.0,Fully Fit,Neutral,35.0,0.0106,0.0743,0.0431,0.0753,-0.2121,La Liga,Forward,0.52
vladimír coufal,32.0,Fully Fit,Neutral,3.8,0.0106,0.0688,0.0561,0.0243,-0.0921,Premier League,Defender,0.45
wataru endo,32.0,Fully Fit,Neutral,6.8,0.0,0.0651,0.0684,-0.0095,0.0207,Premier League,Midfielder,0.48
wesley fofana,24.0,Fully Fit,Positive,38.0,0.0638,0.076,0.0893,0.0901,-0.1026,Premier League,Defender,0.55
wilfried gnonto,21.0,Fully Fit,Neutral,18.5,0.0159,0.0755,0.0893,0.0863,0.2131,Premier League,Winger,0.52
wilfried zaha,32.0,Fully Fit,Neutral,12.0,0.0,0.0734,0.0591,0.0668,-0.065,Super Lig,Winger,0.5
william saliba,24.0,Fully Fit,Positive,65.0,0.0,0.0713,0.0633,0.0476,-0.026,Premier League,Defender,0.6
willy boly,34.0,Fully Fit,Neutral,2.1,0.0319,0.0761,0.0739,0.0921,0.0713,Premier League,Defender,0.45
wout faes,27.0,Fully Fit,Neutral,12.0,0.1329,0.0733,0.0923,0.0658,0.2409,Premier League,Defender,0.48
wout weghorst,33.0,Fully Fit,Neutral,3.8,0.217,0.0707,0.1349,0.0422,0.632,Bundesliga,Forward,0.45
xavi simons,22.0,Fully Fit,Positive,65.0,0.0638,0.076,0.0893,0.0901,-0.1026,Bundesliga,Midfielder,0.65
xherdan shaqiri,34.0,Fully Fit,Neutral,2.1,0.0159,0.0755,0.0893,0.0863,0.2131,MLS,Midfielder,0.45
xavi quintillà,28.0,Fully Fit,Neutral,1.8,0.0,0.0734,0.0591,0.0668,-0.065,La Liga,Defender,0.48
yann sommer,36.0,Fully Fit,Neutral,4.1,0.0,0.0713,0.0633,0.0476,-0.026,Serie A,Goalkeeper,0.5
yannick carrasco,32.0,Fully Fit,Neutral,12.0,0.0319,0.0761,0.0739,0.0921,0.0713,Saudi Pro League,Winger,0.52
yassine bounou,34.0,Fully Fit,Neutral,6.8,0.1329,0.0733,0.0923,0.0658,0.2409,Saudi Pro League,Goalkeeper,0.48
yeferson soteldo,28.0,Fully Fit,Neutral,3.8,0.217,0.0707,0.1349,0.0422,0.632,Brazilian Serie A,Winger,0.5
youssouf fofana,26.0,Fully Fit,Positive,28.0,0.0319,0.0624,0.0417,0.0213,-0.2402,Ligue 1,Midfielder,0.55
youssef en-nesyri,28.0,Fully Fit,Positive,35.0,0.0426,0.0731,0.0652,0.0563,0.1881,La Liga,Forward,0.58
yuri berchiche,33.0,Fully Fit,Neutral,2.1,0.0106,0.0582,0.0465,-0.0475,-0.1061,La Liga,Defender,0.45
yves bissouma,28.0,Fully Fit,Neutral,22.5,0.0638,0.0748,0.0693,0.0798,0.2023,Premier League,Midfielder,0.52
zac steffen,30.0,Fully Fit,Neutral,3.8,0.3191,0.0917,0.0652,0.2355,-0.0083,MLS,Goalkeeper,0.48
zambo anguissa,29.0,Fully Fit,Neutral,28.0,0.1276,0.0709,0.0876,0.0437,0.1973,Serie A,Midfielder,0.52
zan celar,25.0,Fully Fit,Neutral,2.1,0.0159,0.0675,0.043,0.0124,-0.2127,Swiss Super League,Forward,0.45
zander clark,32.0,Fully Fit,Neutral,1.8,0.0106,0.0694,0.0682,0.0301,0.0187,Scottish Premiership,Goalkeeper,0.48
zaydou youssouf,26.0,Fully Fit,Neutral,2.9,0.0106,0.0666,0.0343,0.0045,-0.2924,Ligue 1,Midfielder,0.5
zeki çelik,26.0,Fully Fit,Neutral,6.8,0.1702,0.0723,0.0897,0.0564,0.2168,Serie A,Defender,0.48
zeno debast,21.0,Fully Fit,Neutral,12.0,0.117,0.0768,0.0762,0.0984,0.0923,Belgian Pro League,Defender,0.52
zhang yuning,28.0,Fully Fit,Neutral,1.8,0.0085,0.0719,0.0586,0.0535,-0.0689,Chinese Super League,Forward,0.45
zinedine ferhat,32.0,Fully Fit,Neutral,2.1,0.0,0.064,0.0759,-0.0198,0.0897,Ligue 1,Midfielder,0.45
zlatan ibrahimović,43.0,Fully Fit,Neutral,0.0,0.0851,0.0682,0.0768,0.019,0.0977,Retired,Forward,0.5
zouhair fedal,35.0,Fully Fit,Neutral,1.2,0.0319,0.0758,0.0473,0.0884,-0.1733,Primeira Liga,Defender,0.45
zsolt kalmár,29.0,Fully Fit,Neutral,2.1,0.0585,0.0428,0.0418,-0.2139,-0.2237,Hungarian League,Midfielder,0.48
zuber,32.0,Fully Fit,Neutral,1.8,0.0319,0.0576,0.0479,-0.079,-0.1674,Swiss Super League,Winger,0.45
zvonimir kožulj,31.0,Fully Fit,Neutral,1.5,0.0181,0.0591,0.0901,-0.0642,0.22,Croatian League,Midfielder,0.45
